accuracy,precision_macro,recall_macro,f1_macro
0.6969001148105626,0.7017818446190993,0.6898713156240697,0.6893257402265772
0.682548794489093,0.6843929293934269,0.676572165801052,0.6763542744910689
0.6836969001148105,0.6834212519612617,0.6794396109695988,0.6797660572879394
0.698622273249139,0.7006071672129706,0.693064937642661,0.6932278680787588
0.6980482204362801,0.6999484652965307,0.6925243971021204,0.692691061098769
