,precision,recall,f1-score,support
0.0,0.685456595264938,0.5949119373776908,0.6369827134625459,1022.0
1.0,0.6793183578621224,0.7586505190311419,0.7167960768287699,1156.0
accuracy,0.6818181818181818,0.6818181818181818,0.6818181818181818,0.6818181818181818
macro avg,0.6823874765635302,0.6767812282044163,0.6768893951456578,2178.0
weighted avg,0.6821986510786868,0.6818181818181818,0.6793446271684022,2178.0
