accuracy,precision_macro,recall_macro,f1_macro
0.3484500574052813,0.3750426084280154,0.33717591451132495,0.3400293348129204
0.3467278989667049,0.3944699836409146,0.3408367332198179,0.34691787391549617
0.3576349024110218,0.38321418528500106,0.3499170203270497,0.3518532628021582
0.3358208955223881,0.37048178484064254,0.32643597823991516,0.3331754688209555
0.32893226176808266,0.36028436904548683,0.3202800047244924,0.32475723276477814
