,precision,recall,f1-score,support
0.0,0.6439842209072978,0.6389432485322897,0.6414538310412574,1022.0
1.0,0.6829896907216495,0.6877162629757786,0.6853448275862069,1156.0
accuracy,0.6648301193755739,0.6648301193755739,0.6648301193755739,0.6648301193755739
macro avg,0.6634869558144736,0.6633297557540341,0.6633993293137321,2178.0
weighted avg,0.6646868485957232,0.6648301193755739,0.6647495114847659,2178.0
