{
  "train_mean": {
    "accuracy": 0.668915040183697,
    "precision_macro": 0.6678056488139605,
    "recall_macro": 0.6680466108703563,
    "f1_macro": 0.6678930062127114
  },
  "train_std": {
    "accuracy": 0.001737043403689764,
    "precision_macro": 0.0016972742383079501,
    "recall_macro": 0.0016555865920404337,
    "f1_macro": 0.001689002881934345
  },
  "val_mean": {
    "accuracy": 0.6673938002296211,
    "precision_macro": 0.6663829896756378,
    "recall_macro": 0.6665605875152998,
    "f1_macro": 0.6663605157658414
  },
  "val_std": {
    "accuracy": 0.010297809872096988,
    "precision_macro": 0.010070724287978674,
    "recall_macro": 0.009898782225858771,
    "f1_macro": 0.010070317732264602
  },
  "test_metrics": {
    "accuracy": 0.6648301193755739,
    "precision_macro": 0.6634869558144736,
    "recall_macro": 0.6633297557540341,
    "f1_macro": 0.6633993293137321
  },
  "test_classification_report": {
    "0.0": {
      "precision": 0.6439842209072978,
      "recall": 0.6389432485322897,
      "f1-score": 0.6414538310412574,
      "support": 1022.0
    },
    "1.0": {
      "precision": 0.6829896907216495,
      "recall": 0.6877162629757786,
      "f1-score": 0.6853448275862069,
      "support": 1156.0
    },
    "accuracy": 0.6648301193755739,
    "macro avg": {
      "precision": 0.6634869558144736,
      "recall": 0.6633297557540341,
      "f1-score": 0.6633993293137321,
      "support": 2178.0
    },
    "weighted avg": {
      "precision": 0.6646868485957232,
      "recall": 0.6648301193755739,
      "f1-score": 0.6647495114847659,
      "support": 2178.0
    }
  },
  "test_confusion_matrix": [
    [
      653,
      369
    ],
    [
      361,
      795
    ]
  ],
  "classes": [
    0.0,
    1.0
  ]
}