accuracy,precision_macro,recall_macro,f1_macro
0.6727898966704937,0.6713933865753188,0.6708127956597969,0.6710136572371429
0.6710677382319173,0.6699515851118933,0.670191537927156,0.6700446753967979
0.6521239954075775,0.6516057147754768,0.6521393363988224,0.6515613612598625
0.6785304247990815,0.6775525024922591,0.6779331105891693,0.6776700466286729
0.6624569460390356,0.6614117594232413,0.6617261570015548,0.6615128383067315
