,precision,recall,f1-score,support
false,0.3963730569948187,0.575187969924812,0.46932515337423314,266.0
half_true,0.2872340425531915,0.17419354838709677,0.21686746987951808,465.0
mostly_false,0.2959770114942529,0.20892494929006086,0.24494649227110582,493.0
mostly_true,0.2808022922636103,0.22790697674418606,0.251604621309371,430.0
pants_fire,0.3155216284987277,0.4714828897338403,0.3780487804878049,263.0
true,0.25952380952380955,0.41762452107279696,0.3201174743024963,261.0
accuracy,0.30670339761248855,0.30670339761248855,0.30670339761248855,0.30670339761248855
macro avg,0.3059053068880684,0.34588680919213216,0.31348499860408824,2178.0
weighted avg,0.3013675931445154,0.30670339761248855,0.29275021221554215,2178.0
