accuracy,precision_macro,recall_macro,f1_macro
0.31228473019517794,0.3219067782906975,0.3464935017409334,0.31648867065430825
0.29219288174512054,0.29505951453229556,0.3299888949665017,0.29825053937179896
0.3203214695752009,0.32177477263516996,0.3551635619285273,0.3245194751109966
0.3140068886337543,0.31453747647196667,0.35054210444900513,0.3192783446956182
0.30252583237657865,0.30835875913129956,0.33169565174370114,0.3045854375562646
