{
  "train_mean": {
    "accuracy": 0.31730769230769235,
    "precision_macro": 0.32084913490462774,
    "recall_macro": 0.3526795651342559,
    "f1_macro": 0.3215359358049
  },
  "train_std": {
    "accuracy": 0.0028359748629979333,
    "precision_macro": 0.00224583026582472,
    "recall_macro": 0.0013684001329825432,
    "f1_macro": 0.0029072212997399687
  },
  "val_mean": {
    "accuracy": 0.3082663605051665,
    "precision_macro": 0.31232746021228586,
    "recall_macro": 0.34277674296573374,
    "f1_macro": 0.31262449347779736
  },
  "val_std": {
    "accuracy": 0.011019720907263187,
    "precision_macro": 0.011178458693043684,
    "recall_macro": 0.011334329026219335,
    "f1_macro": 0.010862011393906175
  },
  "test_metrics": {
    "accuracy": 0.30670339761248855,
    "precision_macro": 0.3059053068880684,
    "recall_macro": 0.34588680919213216,
    "f1_macro": 0.31348499860408824
  },
  "test_classification_report": {
    "false": {
      "precision": 0.3963730569948187,
      "recall": 0.575187969924812,
      "f1-score": 0.46932515337423314,
      "support": 266.0
    },
    "half_true": {
      "precision": 0.2872340425531915,
      "recall": 0.17419354838709677,
      "f1-score": 0.21686746987951808,
      "support": 465.0
    },
    "mostly_false": {
      "precision": 0.2959770114942529,
      "recall": 0.20892494929006086,
      "f1-score": 0.24494649227110582,
      "support": 493.0
    },
    "mostly_true": {
      "precision": 0.2808022922636103,
      "recall": 0.22790697674418606,
      "f1-score": 0.251604621309371,
      "support": 430.0
    },
    "pants_fire": {
      "precision": 0.3155216284987277,
      "recall": 0.4714828897338403,
      "f1-score": 0.3780487804878049,
      "support": 263.0
    },
    "true": {
      "precision": 0.25952380952380955,
      "recall": 0.41762452107279696,
      "f1-score": 0.3201174743024963,
      "support": 261.0
    },
    "accuracy": 0.30670339761248855,
    "macro avg": {
      "precision": 0.3059053068880684,
      "recall": 0.34588680919213216,
      "f1-score": 0.31348499860408824,
      "support": 2178.0
    },
    "weighted avg": {
      "precision": 0.3013675931445154,
      "recall": 0.30670339761248855,
      "f1-score": 0.29275021221554215,
      "support": 2178.0
    }
  },
  "test_confusion_matrix": [
    [
      153,
      11,
      23,
      12,
      55,
      12
    ],
    [
      52,
      81,
      92,
      94,
      61,
      85
    ],
    [
      87,
      71,
      103,
      80,
      76,
      76
    ],
    [
      35,
      74,
      69,
      98,
      46,
      108
    ],
    [
      42,
      21,
      28,
      18,
      124,
      30
    ],
    [
      17,
      24,
      33,
      47,
      31,
      109
    ]
  ],
  "classes": [
    "false",
    "half_true",
    "mostly_false",
    "mostly_true",
    "pants_fire",
    "true"
  ]
}