accuracy,precision_macro,recall_macro,f1_macro
0.6900114810562572,0.6954548481666787,0.6825273743755995,0.6815472926035611
0.6831228473019518,0.6856708787565833,0.6767554335240994,0.6763498549339293
0.6814006888633755,0.681885304072497,0.6763485394819544,0.6764724484069579
0.6980482204362801,0.7001918096059021,0.6923814879751232,0.6924996509842245
0.7055109070034443,0.7073005698005698,0.7002659697641338,0.7006045560307355
