,precision,recall,f1-score,support
0.0,0.6821885913853318,0.5733855185909981,0.6230728335991493,1022.0
1.0,0.6694465504169825,0.763840830449827,0.7135353535353536,1156.0
accuracy,0.6744719926538109,0.6744719926538109,0.6744719926538109,0.6744719926538109
macro avg,0.6758175709011571,0.6686131745204125,0.6683040935672515,2178.0
weighted avg,0.6754255981073649,0.6744719926538109,0.6710869167241503,2178.0
