,precision,recall,f1-score,support
false,0.47924528301886793,0.4774436090225564,0.4783427495291902,266.0
half_true,0.28952772073921973,0.3032258064516129,0.296218487394958,465.0
mostly_false,0.24861111111111112,0.3630831643002028,0.2951360263808739,493.0
mostly_true,0.3183856502242152,0.3302325581395349,0.3242009132420091,430.0
pants_fire,0.46,0.34980988593155893,0.39740820734341253,263.0
true,0.5,0.11494252873563218,0.18691588785046728,261.0
accuracy,0.32644628099173556,0.32644628099173556,0.32644628099173556,0.32644628099173556
macro avg,0.3826282941822357,0.32312292543018306,0.32970371195681847,2178.0
weighted avg,0.354940653260306,0.32644628099173556,0.32286162854616357,2178.0
