accuracy,precision_macro,recall_macro,f1_macro
0.3375430539609644,0.37369824443129535,0.328290875048096,0.33508224269962117
0.33524684270952926,0.36666390235397756,0.3283505415243921,0.3331680964818801
0.3587830080367394,0.38924526184008873,0.3493799419933373,0.35282611486320264
0.3455797933409874,0.37580651968383383,0.33436933187620244,0.33973636159330595
0.31974741676234214,0.3419808374361382,0.30822142208787345,0.3085307408429631
