{
  "train_mean": {
    "accuracy": 0.6795637198622273,
    "precision_macro": 0.6782221429655422,
    "recall_macro": 0.6774341195540705,
    "f1_macro": 0.6776833139404203
  },
  "train_std": {
    "accuracy": 0.0023764330476707526,
    "precision_macro": 0.002396163282377288,
    "recall_macro": 0.0023672180830583154,
    "f1_macro": 0.0023751855871584618
  },
  "val_mean": {
    "accuracy": 0.6755453501722158,
    "precision_macro": 0.6742486104707142,
    "recall_macro": 0.6733216447781931,
    "f1_macro": 0.6735584284827472
  },
  "val_std": {
    "accuracy": 0.00786473304170064,
    "precision_macro": 0.007940020737030463,
    "recall_macro": 0.007393404142346704,
    "f1_macro": 0.007500700881458195
  },
  "test_metrics": {
    "accuracy": 0.6652892561983471,
    "precision_macro": 0.6638895077424989,
    "recall_macro": 0.6625146432465008,
    "f1_macro": 0.6628035461904149
  },
  "test_classification_report": {
    "0.0": {
      "precision": 0.651186790505676,
      "recall": 0.6174168297455969,
      "f1-score": 0.633852335509794,
      "support": 1022.0
    },
    "1.0": {
      "precision": 0.6765922249793217,
      "recall": 0.7076124567474048,
      "f1-score": 0.6917547568710359,
      "support": 1156.0
    },
    "accuracy": 0.6652892561983471,
    "macro avg": {
      "precision": 0.6638895077424989,
      "recall": 0.6625146432465008,
      "f1-score": 0.6628035461904149,
      "support": 2178.0
    },
    "weighted avg": {
      "precision": 0.6646710339636808,
      "recall": 0.6652892561983471,
      "f1-score": 0.6645847501533182,
      "support": 2178.0
    }
  },
  "test_confusion_matrix": [
    [
      631,
      391
    ],
    [
      338,
      818
    ]
  ],
  "classes": [
    0.0,
    1.0
  ]
}