,precision,recall,f1-score,support
0.0,0.651186790505676,0.6174168297455969,0.633852335509794,1022.0
1.0,0.6765922249793217,0.7076124567474048,0.6917547568710359,1156.0
accuracy,0.6652892561983471,0.6652892561983471,0.6652892561983471,0.6652892561983471
macro avg,0.6638895077424989,0.6625146432465008,0.6628035461904149,2178.0
weighted avg,0.6646710339636808,0.6652892561983471,0.6645847501533182,2178.0
