accuracy,precision_macro,recall_macro,f1_macro
0.682548794489093,0.6814794590948512,0.679430348340997,0.6798137898049055
0.6808266360505166,0.6795160034342991,0.678451817790863,0.6787517197551944
0.6636050516647531,0.6622603362739763,0.6621641470111482,0.662208721318853
0.6791044776119403,0.6777550337708678,0.6771874689867345,0.6773897731771596
0.6716417910447762,0.6702322197795767,0.6693744417612226,0.6696281383576232
