{
  "train_mean": {
    "accuracy": 0.33625143513203215,
    "precision_macro": 0.33378561326207745,
    "recall_macro": 0.3670495310175503,
    "f1_macro": 0.3383524097210593
  },
  "train_std": {
    "accuracy": 0.004586813092565133,
    "precision_macro": 0.0039007594836515916,
    "recall_macro": 0.0035908318113449522,
    "f1_macro": 0.003941949260866013
  },
  "val_mean": {
    "accuracy": 0.31940298507462683,
    "precision_macro": 0.3180044613949952,
    "recall_macro": 0.3490484934797858,
    "f1_macro": 0.32143986645043443
  },
  "val_std": {
    "accuracy": 0.012999476330395563,
    "precision_macro": 0.012175941018086948,
    "recall_macro": 0.013717389967679799,
    "f1_macro": 0.013316313426335375
  },
  "test_metrics": {
    "accuracy": 0.3122130394857668,
    "precision_macro": 0.3091858467807784,
    "recall_macro": 0.34528354206635276,
    "f1_macro": 0.3168840602817063
  },
  "test_classification_report": {
    "false": {
      "precision": 0.3773148148148148,
      "recall": 0.6127819548872181,
      "f1-score": 0.4670487106017192,
      "support": 266.0
    },
    "half_true": {
      "precision": 0.29900332225913623,
      "recall": 0.1935483870967742,
      "f1-score": 0.2349869451697128,
      "support": 465.0
    },
    "mostly_false": {
      "precision": 0.2944606413994169,
      "recall": 0.20486815415821502,
      "f1-score": 0.24162679425837322,
      "support": 493.0
    },
    "mostly_true": {
      "precision": 0.3022113022113022,
      "recall": 0.28604651162790695,
      "f1-score": 0.2939068100358423,
      "support": 430.0
    },
    "pants_fire": {
      "precision": 0.304,
      "recall": 0.43346007604562736,
      "f1-score": 0.3573667711598746,
      "support": 263.0
    },
    "true": {
      "precision": 0.278125,
      "recall": 0.34099616858237547,
      "f1-score": 0.306368330464716,
      "support": 261.0
    },
    "accuracy": 0.3122130394857668,
    "macro avg": {
      "precision": 0.3091858467807784,
      "recall": 0.34528354206635276,
      "f1-score": 0.3168840602817063,
      "support": 2178.0
    },
    "weighted avg": {
      "precision": 0.30627404350413756,
      "recall": 0.3122130394857668,
      "f1-score": 0.2997958767103314,
      "support": 2178.0
    }
  },
  "test_confusion_matrix": [
    [
      163,
      12,
      22,
      12,
      46,
      11
    ],
    [
      66,
      90,
      85,
      108,
      59,
      57
    ],
    [
      91,
      85,
      101,
      85,
      71,
      60
    ],
    [
      40,
      69,
      69,
      123,
      50,
      79
    ],
    [
      55,
      20,
      30,
      20,
      114,
      24
    ],
    [
      17,
      25,
      36,
      59,
      35,
      89
    ]
  ],
  "classes": [
    "false",
    "half_true",
    "mostly_false",
    "mostly_true",
    "pants_fire",
    "true"
  ]
}