accuracy,precision_macro,recall_macro,f1_macro
0.31228473019517794,0.3120922704418909,0.3414655548455012,0.31443555983007826
0.31228473019517794,0.3096252354805903,0.3453451518913788,0.3174381186900725
0.3283582089552239,0.32568139289233905,0.3596816310097073,0.32861485986187894
0.3375430539609644,0.33557770815168375,0.3662299534557505,0.3404639251034243
0.3065442020665901,0.30704570000847203,0.33252017619659097,0.3062468687667184
