,precision,recall,f1-score,support
false,0.3773148148148148,0.6127819548872181,0.4670487106017192,266.0
half_true,0.29900332225913623,0.1935483870967742,0.2349869451697128,465.0
mostly_false,0.2944606413994169,0.20486815415821502,0.24162679425837322,493.0
mostly_true,0.3022113022113022,0.28604651162790695,0.2939068100358423,430.0
pants_fire,0.304,0.43346007604562736,0.3573667711598746,263.0
true,0.278125,0.34099616858237547,0.306368330464716,261.0
accuracy,0.3122130394857668,0.3122130394857668,0.3122130394857668,0.3122130394857668
macro avg,0.3091858467807784,0.34528354206635276,0.3168840602817063,2178.0
weighted avg,0.30627404350413756,0.3122130394857668,0.2997958767103314,2178.0
