{
  "train_mean": {
    "accuracy": 0.6647531572904708,
    "precision_macro": 0.6639533651383799,
    "recall_macro": 0.6644242283899567,
    "f1_macro": 0.6640252769388184
  },
  "train_std": {
    "accuracy": 0.002178849949869258,
    "precision_macro": 0.002123756165138896,
    "recall_macro": 0.0021023458799537082,
    "f1_macro": 0.0021396913618784183
  },
  "val_mean": {
    "accuracy": 0.6646383467278989,
    "precision_macro": 0.6639472168152912,
    "recall_macro": 0.6643232657381984,
    "f1_macro": 0.6638672035509485
  },
  "val_std": {
    "accuracy": 0.00910737998889293,
    "precision_macro": 0.008815807176283413,
    "recall_macro": 0.008875617136251181,
    "f1_macro": 0.009034106721544328
  },
  "test_metrics": {
    "accuracy": 0.662534435261708,
    "precision_macro": 0.6614922732606916,
    "recall_macro": 0.6617909452257937,
    "f1_macro": 0.6615909788035368
  },
  "test_classification_report": {
    "0.0": {
      "precision": 0.6378482228626321,
      "recall": 0.649706457925636,
      "f1-score": 0.6437227338826951,
      "support": 1022.0
    },
    "1.0": {
      "precision": 0.6851363236587511,
      "recall": 0.6738754325259516,
      "f1-score": 0.6794592237243785,
      "support": 1156.0
    },
    "accuracy": 0.662534435261708,
    "macro avg": {
      "precision": 0.6614922732606916,
      "recall": 0.6617909452257937,
      "f1-score": 0.6615909788035368,
      "support": 2178.0
    },
    "weighted avg": {
      "precision": 0.6629469577204437,
      "recall": 0.662534435261708,
      "f1-score": 0.6626903106765363,
      "support": 2178.0
    }
  },
  "test_confusion_matrix": [
    [
      664,
      358
    ],
    [
      377,
      779
    ]
  ],
  "classes": [
    0.0,
    1.0
  ]
}