accuracy,precision_macro,recall_macro,f1_macro
0.6618828932261768,0.6604991257351772,0.6603281616990307,0.6604028875938781
0.6624569460390356,0.6616274574227063,0.6620834298190479,0.6617073557387445
0.6521239954075775,0.6524215735515313,0.6529967911608059,0.6518812523743194
0.6756601607347876,0.674963593769786,0.6755162261404611,0.675025217631045
0.6710677382319173,0.6702243335972553,0.6706917198716464,0.6703193044167555
