,precision,recall,f1-score,support
0.0,0.6378482228626321,0.649706457925636,0.6437227338826951,1022.0
1.0,0.6851363236587511,0.6738754325259516,0.6794592237243785,1156.0
accuracy,0.662534435261708,0.662534435261708,0.662534435261708,0.662534435261708
macro avg,0.6614922732606916,0.6617909452257937,0.6615909788035368,2178.0
weighted avg,0.6629469577204437,0.662534435261708,0.6626903106765363,2178.0
