,precision,recall,f1-score,support
false,0.38190954773869346,0.5714285714285714,0.4578313253012048,266.0
half_true,0.2982456140350877,0.14623655913978495,0.19624819624819625,465.0
mostly_false,0.29289940828402367,0.20081135902636918,0.23826714801444043,493.0
mostly_true,0.2779552715654952,0.20232558139534884,0.23418573351278602,430.0
pants_fire,0.2785388127853881,0.46387832699619774,0.34807417974322397,263.0
true,0.2526997840172786,0.4482758620689655,0.32320441988950277,261.0
accuracy,0.29614325068870523,0.29614325068870523,0.29614325068870523,0.29614325068870523
macro avg,0.2970414064043278,0.3388260433425396,0.29963516711822574,2178.0
weighted avg,0.29540986073143327,0.29614325068870523,0.27874379064773963,2178.0
