{
  "train_mean": {
    "accuracy": 0.3081228473019518,
    "precision_macro": 0.3125467072358819,
    "recall_macro": 0.3450675248480389,
    "f1_macro": 0.3104897985580818
  },
  "train_std": {
    "accuracy": 0.0054506684887580216,
    "precision_macro": 0.0046309791879717704,
    "recall_macro": 0.00343435057808198,
    "f1_macro": 0.005432318570952761
  },
  "val_mean": {
    "accuracy": 0.3019517795637198,
    "precision_macro": 0.30723496658717214,
    "recall_macro": 0.33823903932703897,
    "f1_macro": 0.3046992834645679
  },
  "val_std": {
    "accuracy": 0.009148896355056958,
    "precision_macro": 0.008809479452108443,
    "recall_macro": 0.0075363271693453466,
    "f1_macro": 0.008553940756183924
  },
  "test_metrics": {
    "accuracy": 0.29614325068870523,
    "precision_macro": 0.2970414064043278,
    "recall_macro": 0.3388260433425396,
    "f1_macro": 0.29963516711822574
  },
  "test_classification_report": {
    "false": {
      "precision": 0.38190954773869346,
      "recall": 0.5714285714285714,
      "f1-score": 0.4578313253012048,
      "support": 266.0
    },
    "half_true": {
      "precision": 0.2982456140350877,
      "recall": 0.14623655913978495,
      "f1-score": 0.19624819624819625,
      "support": 465.0
    },
    "mostly_false": {
      "precision": 0.29289940828402367,
      "recall": 0.20081135902636918,
      "f1-score": 0.23826714801444043,
      "support": 493.0
    },
    "mostly_true": {
      "precision": 0.2779552715654952,
      "recall": 0.20232558139534884,
      "f1-score": 0.23418573351278602,
      "support": 430.0
    },
    "pants_fire": {
      "precision": 0.2785388127853881,
      "recall": 0.46387832699619774,
      "f1-score": 0.34807417974322397,
      "support": 263.0
    },
    "true": {
      "precision": 0.2526997840172786,
      "recall": 0.4482758620689655,
      "f1-score": 0.32320441988950277,
      "support": 261.0
    },
    "accuracy": 0.29614325068870523,
    "macro avg": {
      "precision": 0.2970414064043278,
      "recall": 0.3388260433425396,
      "f1-score": 0.29963516711822574,
      "support": 2178.0
    },
    "weighted avg": {
      "precision": 0.29540986073143327,
      "recall": 0.29614325068870523,
      "f1-score": 0.27874379064773963,
      "support": 2178.0
    }
  },
  "test_confusion_matrix": [
    [
      152,
      6,
      25,
      11,
      57,
      15
    ],
    [
      55,
      68,
      82,
      90,
      71,
      99
    ],
    [
      85,
      56,
      99,
      75,
      97,
      81
    ],
    [
      43,
      56,
      66,
      87,
      57,
      121
    ],
    [
      44,
      19,
      33,
      15,
      122,
      30
    ],
    [
      19,
      23,
      33,
      35,
      34,
      117
    ]
  ],
  "classes": [
    "false",
    "half_true",
    "mostly_false",
    "mostly_true",
    "pants_fire",
    "true"
  ]
}