accuracy,precision_macro,recall_macro,f1_macro
0.29793340987370837,0.3056330814090495,0.33641434655451724,0.3013600238451443
0.29334098737083814,0.29735939170734244,0.33210084492934305,0.2974668580453224
0.317451205510907,0.3212275010763594,0.3513821325770998,0.31947516740001114
0.3002296211251435,0.3035919654325011,0.33574845246930574,0.3036112321745165
0.3008036739380023,0.30836289331060845,0.3355494201049289,0.3015831358578451
