accuracy,precision_macro,recall_macro,f1_macro
0.7026406429391504,0.7072120424160405,0.6959198121009627,0.695650531490778
0.7083811710677382,0.7152014690941861,0.7009679446888749,0.7004185641529797
0.6974741676234214,0.7005881079520855,0.6912693109265937,0.6911641569917946
0.7164179104477612,0.7222159094894403,0.7096073307089219,0.7095431931252827
0.7175660160734788,0.7232466999300824,0.7108313209170002,0.7108233731739708
