{
  "train_mean": {
    "accuracy": 0.7259471871412171,
    "precision_macro": 0.7322863885782477,
    "recall_macro": 0.7191983856561579,
    "f1_macro": 0.7193379762140919
  },
  "train_std": {
    "accuracy": 0.0022795571423148736,
    "precision_macro": 0.002273799225403028,
    "recall_macro": 0.0023452507934592663,
    "f1_macro": 0.002415110910406607
  },
  "val_mean": {
    "accuracy": 0.7084959816303099,
    "precision_macro": 0.7136928457763669,
    "recall_macro": 0.7017191438684707,
    "f1_macro": 0.7015199637869611
  },
  "val_std": {
    "accuracy": 0.008671808312643704,
    "precision_macro": 0.009745892137216227,
    "recall_macro": 0.008494863445986137,
    "f1_macro": 0.008570759684089173
  },
  "test_metrics": {
    "accuracy": 0.6942148760330579,
    "precision_macro": 0.6995645732456457,
    "recall_macro": 0.6869849470811693,
    "f1_macro": 0.686203808262918
  },
  "test_classification_report": {
    "0.0": {
      "precision": 0.7202970297029703,
      "recall": 0.5694716242661448,
      "f1-score": 0.6360655737704918,
      "support": 1022.0
    },
    "1.0": {
      "precision": 0.6788321167883211,
      "recall": 0.8044982698961938,
      "f1-score": 0.7363420427553444,
      "support": 1156.0
    },
    "accuracy": 0.6942148760330579,
    "macro avg": {
      "precision": 0.6995645732456457,
      "recall": 0.6869849470811693,
      "f1-score": 0.686203808262918,
      "support": 2178.0
    },
    "weighted avg": {
      "precision": 0.6982890226647084,
      "recall": 0.6942148760330579,
      "f1-score": 0.6892885297606155,
      "support": 2178.0
    }
  },
  "test_confusion_matrix": [
    [
      582,
      440
    ],
    [
      226,
      930
    ]
  ],
  "classes": [
    0.0,
    1.0
  ]
}