,precision,recall,f1-score,support
0.0,0.7202970297029703,0.5694716242661448,0.6360655737704918,1022.0
1.0,0.6788321167883211,0.8044982698961938,0.7363420427553444,1156.0
accuracy,0.6942148760330579,0.6942148760330579,0.6942148760330579,0.6942148760330579
macro avg,0.6995645732456457,0.6869849470811693,0.686203808262918,2178.0
weighted avg,0.6982890226647084,0.6942148760330579,0.6892885297606155,2178.0
