,precision,recall,f1-score,support
false,0.5062893081761006,0.6052631578947368,0.5513698630136986,266.0
half_true,0.3034825870646766,0.2623655913978495,0.28143021914648214,465.0
mostly_false,0.2931785195936139,0.40973630831643004,0.34179357021996615,493.0
mostly_true,0.32386363636363635,0.39767441860465114,0.3569937369519833,430.0
pants_fire,0.4174757281553398,0.3269961977186312,0.36673773987206826,263.0
true,0.4,0.05363984674329502,0.0945945945945946,261.0
accuracy,0.34710743801652894,0.34710743801652894,0.34710743801652894,0.34710743801652894
macro avg,0.37404829655889454,0.3426125867792656,0.33215328729979887,2178.0
weighted avg,0.35527403547327224,0.34710743801652894,0.330891729682322,2178.0
