{
  "train_mean": {
    "accuracy": 0.4615097588978186,
    "precision_macro": 0.5193284707680331,
    "recall_macro": 0.44938093026843473,
    "f1_macro": 0.44489224606012384
  },
  "train_std": {
    "accuracy": 0.0030365847399308836,
    "precision_macro": 0.0027210714953567992,
    "recall_macro": 0.0036941273752221495,
    "f1_macro": 0.004186087418376045
  },
  "val_mean": {
    "accuracy": 0.36153846153846153,
    "precision_macro": 0.40420950401128763,
    "recall_macro": 0.3569337233343806,
    "f1_macro": 0.3485285485414652
  },
  "val_std": {
    "accuracy": 0.012474261405281678,
    "precision_macro": 0.02174884193752307,
    "recall_macro": 0.014167201560447451,
    "f1_macro": 0.01162101943691664
  },
  "test_metrics": {
    "accuracy": 0.34710743801652894,
    "precision_macro": 0.37404829655889454,
    "recall_macro": 0.3426125867792656,
    "f1_macro": 0.33215328729979887
  },
  "test_classification_report": {
    "false": {
      "precision": 0.5062893081761006,
      "recall": 0.6052631578947368,
      "f1-score": 0.5513698630136986,
      "support": 266.0
    },
    "half_true": {
      "precision": 0.3034825870646766,
      "recall": 0.2623655913978495,
      "f1-score": 0.28143021914648214,
      "support": 465.0
    },
    "mostly_false": {
      "precision": 0.2931785195936139,
      "recall": 0.40973630831643004,
      "f1-score": 0.34179357021996615,
      "support": 493.0
    },
    "mostly_true": {
      "precision": 0.32386363636363635,
      "recall": 0.39767441860465114,
      "f1-score": 0.3569937369519833,
      "support": 430.0
    },
    "pants_fire": {
      "precision": 0.4174757281553398,
      "recall": 0.3269961977186312,
      "f1-score": 0.36673773987206826,
      "support": 263.0
    },
    "true": {
      "precision": 0.4,
      "recall": 0.05363984674329502,
      "f1-score": 0.0945945945945946,
      "support": 261.0
    },
    "accuracy": 0.34710743801652894,
    "macro avg": {
      "precision": 0.37404829655889454,
      "recall": 0.3426125867792656,
      "f1-score": 0.33215328729979887,
      "support": 2178.0
    },
    "weighted avg": {
      "precision": 0.35527403547327224,
      "recall": 0.34710743801652894,
      "f1-score": 0.330891729682322,
      "support": 2178.0
    }
  },
  "test_confusion_matrix": [
    [
      161,
      10,
      53,
      5,
      36,
      1
    ],
    [
      24,
      122,
      161,
      125,
      25,
      8
    ],
    [
      61,
      95,
      202,
      95,
      35,
      5
    ],
    [
      15,
      102,
      127,
      171,
      10,
      5
    ],
    [
      49,
      25,
      79,
      22,
      86,
      2
    ],
    [
      8,
      48,
      67,
      110,
      14,
      14
    ]
  ],
  "classes": [
    "false",
    "half_true",
    "mostly_false",
    "mostly_true",
    "pants_fire",
    "true"
  ]
}