accuracy,precision_macro,recall_macro,f1_macro
0.36337543053960963,0.40227390266681534,0.35884664716364706,0.353987446332934
0.35017221584385766,0.40004688508308667,0.3478389721375954,0.3388796125407086
0.3811710677382319,0.4388267402323691,0.3804064169509643,0.3660462909894114
0.3513203214695752,0.3784184225393259,0.34473852996269105,0.3385779283013808
0.3616532721010333,0.4014815695348412,0.35283805045700517,0.34515146454289125
