,precision,recall,f1-score,support
0.0,0.6490528414755733,0.636986301369863,0.642962962962963,1022.0
1.0,0.6842553191489362,0.6955017301038062,0.6898326898326899,1156.0
accuracy,0.6680440771349863,0.6680440771349863,0.6680440771349863,0.6680440771349863
macro avg,0.6666540803122547,0.6662440157368346,0.6663978263978264,2178.0
weighted avg,0.6677369848136852,0.6680440771349863,0.6678396407689338,2178.0
