accuracy,precision_macro,recall_macro,f1_macro
0.6779563719862227,0.6769123924748482,0.6746058420721823,0.6749691935443638
0.6791044776119403,0.6777812241521919,0.6774732872407292,0.6775999758972562
0.6595866819747417,0.6584079638812819,0.6585947269178603,0.658483656405477
0.6842709529276694,0.682966033922312,0.6825525157960899,0.6827147247390453
0.6739380022962113,0.6726798769393629,0.6726798769393629,0.6726798769393629
