{
  "train_mean": {
    "accuracy": 0.6789609644087257,
    "precision_macro": 0.6776301253741094,
    "recall_macro": 0.677227397532171,
    "f1_macro": 0.6773802086732115
  },
  "train_std": {
    "accuracy": 0.0017041248689778946,
    "precision_macro": 0.0017022666142476877,
    "recall_macro": 0.0016293644901526042,
    "f1_macro": 0.0016525663343449617
  },
  "val_mean": {
    "accuracy": 0.6749712973593571,
    "precision_macro": 0.6737494982739994,
    "recall_macro": 0.673181249793245,
    "f1_macro": 0.673289485505101
  },
  "val_std": {
    "accuracy": 0.009357236937761177,
    "precision_macro": 0.009323491968700786,
    "recall_macro": 0.008962277883448819,
    "f1_macro": 0.009080488410126986
  },
  "test_metrics": {
    "accuracy": 0.6680440771349863,
    "precision_macro": 0.6666540803122547,
    "recall_macro": 0.6662440157368346,
    "f1_macro": 0.6663978263978264
  },
  "test_classification_report": {
    "0.0": {
      "precision": 0.6490528414755733,
      "recall": 0.636986301369863,
      "f1-score": 0.642962962962963,
      "support": 1022.0
    },
    "1.0": {
      "precision": 0.6842553191489362,
      "recall": 0.6955017301038062,
      "f1-score": 0.6898326898326899,
      "support": 1156.0
    },
    "accuracy": 0.6680440771349863,
    "macro avg": {
      "precision": 0.6666540803122547,
      "recall": 0.6662440157368346,
      "f1-score": 0.6663978263978264,
      "support": 2178.0
    },
    "weighted avg": {
      "precision": 0.6677369848136852,
      "recall": 0.6680440771349863,
      "f1-score": 0.6678396407689338,
      "support": 2178.0
    }
  },
  "test_confusion_matrix": [
    [
      651,
      371
    ],
    [
      352,
      804
    ]
  ],
  "classes": [
    0.0,
    1.0
  ]
}