,precision,recall,f1-score,support
false,0.37020316027088035,0.6165413533834586,0.46262341325811,266.0
half_true,0.30952380952380953,0.16774193548387098,0.2175732217573222,465.0
mostly_false,0.2838541666666667,0.2210953346855984,0.24857468643101482,493.0
mostly_true,0.32225063938618925,0.2930232558139535,0.30694275274056027,430.0
pants_fire,0.31592689295039167,0.4600760456273764,0.3746130030959752,263.0
true,0.28615384615384615,0.3563218390804598,0.3174061433447099,261.0
accuracy,0.3172635445362718,0.3172635445362718,0.3172635445362718,0.3172635445362718
macro avg,0.3146520858252973,0.3524666273457862,0.32128887010461543,2178.0
weighted avg,0.31160946641664855,0.3172635445362718,0.30308921182734355,2178.0
