accuracy,precision_macro,recall_macro,f1_macro
0.31343283582089554,0.31240084741103685,0.34349946290617583,0.31537222069945553
0.30884041331802525,0.3069244071143977,0.3389432593593913,0.31322021588188786
0.3208955223880597,0.3174613493714148,0.3521247196322293,0.3218183004507949
0.32721010332950634,0.3243370665435077,0.3564375816756768,0.33071803650765313
0.3157290470723307,0.31733803942811895,0.34068277069705194,0.3158829232016176
