{
  "train_mean": {
    "accuracy": 0.3347876004592423,
    "precision_macro": 0.33246024890186476,
    "recall_macro": 0.364701244577353,
    "f1_macro": 0.3365913504321464
  },
  "train_std": {
    "accuracy": 0.003582659879823166,
    "precision_macro": 0.0034124222085063958,
    "recall_macro": 0.00341951865612637,
    "f1_macro": 0.0035299452306655097
  },
  "val_mean": {
    "accuracy": 0.3172215843857635,
    "precision_macro": 0.31569234197369517,
    "recall_macro": 0.346337558854105,
    "f1_macro": 0.31940233934828177
  },
  "val_std": {
    "accuracy": 0.0070727406802578415,
    "precision_macro": 0.006486131133532079,
    "recall_macro": 0.00758631619424827,
    "f1_macro": 0.007083937237550482
  },
  "test_metrics": {
    "accuracy": 0.3172635445362718,
    "precision_macro": 0.3146520858252973,
    "recall_macro": 0.3524666273457862,
    "f1_macro": 0.32128887010461543
  },
  "test_classification_report": {
    "false": {
      "precision": 0.37020316027088035,
      "recall": 0.6165413533834586,
      "f1-score": 0.46262341325811,
      "support": 266.0
    },
    "half_true": {
      "precision": 0.30952380952380953,
      "recall": 0.16774193548387098,
      "f1-score": 0.2175732217573222,
      "support": 465.0
    },
    "mostly_false": {
      "precision": 0.2838541666666667,
      "recall": 0.2210953346855984,
      "f1-score": 0.24857468643101482,
      "support": 493.0
    },
    "mostly_true": {
      "precision": 0.32225063938618925,
      "recall": 0.2930232558139535,
      "f1-score": 0.30694275274056027,
      "support": 430.0
    },
    "pants_fire": {
      "precision": 0.31592689295039167,
      "recall": 0.4600760456273764,
      "f1-score": 0.3746130030959752,
      "support": 263.0
    },
    "true": {
      "precision": 0.28615384615384615,
      "recall": 0.3563218390804598,
      "f1-score": 0.3174061433447099,
      "support": 261.0
    },
    "accuracy": 0.3172635445362718,
    "macro avg": {
      "precision": 0.3146520858252973,
      "recall": 0.3524666273457862,
      "f1-score": 0.32128887010461543,
      "support": 2178.0
    },
    "weighted avg": {
      "precision": 0.31160946641664855,
      "recall": 0.3172635445362718,
      "f1-score": 0.30308921182734355,
      "support": 2178.0
    }
  },
  "test_confusion_matrix": [
    [
      164,
      9,
      26,
      10,
      49,
      8
    ],
    [
      59,
      78,
      101,
      102,
      63,
      62
    ],
    [
      104,
      69,
      109,
      79,
      75,
      57
    ],
    [
      40,
      62,
      74,
      126,
      48,
      80
    ],
    [
      53,
      14,
      34,
      16,
      121,
      25
    ],
    [
      23,
      20,
      40,
      58,
      27,
      93
    ]
  ],
  "classes": [
    "false",
    "half_true",
    "mostly_false",
    "mostly_true",
    "pants_fire",
    "true"
  ]
}