{
  "train_mean": {
    "accuracy": 1.0,
    "precision_macro": 1.0,
    "recall_macro": 1.0,
    "f1_macro": 1.0
  },
  "train_std": {
    "accuracy": 0.0,
    "precision_macro": 0.0,
    "recall_macro": 0.0,
    "f1_macro": 0.0
  },
  "val_mean": {
    "accuracy": 0.6880597014925373,
    "precision_macro": 0.6891700334666238,
    "recall_macro": 0.6828760461808198,
    "f1_macro": 0.6829643997342276
  },
  "val_std": {
    "accuracy": 0.0038849424375863822,
    "precision_macro": 0.00448157073569913,
    "recall_macro": 0.0038079774246833438,
    "f1_macro": 0.0038984951290105536
  },
  "test_metrics": {
    "accuracy": 0.6753902662993572,
    "precision_macro": 0.6751941079713384,
    "recall_macro": 0.6708392865607162,
    "f1_macro": 0.6710210881617062
  },
  "test_classification_report": {
    "0.0": {
      "precision": 0.6740331491712708,
      "recall": 0.5968688845401174,
      "f1-score": 0.6331084587441619,
      "support": 1022.0
    },
    "1.0": {
      "precision": 0.6763550667714061,
      "recall": 0.7448096885813149,
      "f1-score": 0.7089337175792507,
      "support": 1156.0
    },
    "accuracy": 0.6753902662993572,
    "macro avg": {
      "precision": 0.6751941079713384,
      "recall": 0.6708392865607162,
      "f1-score": 0.6710210881617062,
      "support": 2178.0
    },
    "weighted avg": {
      "precision": 0.6752655351886062,
      "recall": 0.6753902662993572,
      "f1-score": 0.6733536374463486,
      "support": 2178.0
    }
  },
  "test_confusion_matrix": [
    [
      610,
      412
    ],
    [
      295,
      861
    ]
  ],
  "classes": [
    0.0,
    1.0
  ]
}