,precision,recall,f1-score,support
0.0,0.6740331491712708,0.5968688845401174,0.6331084587441619,1022.0
1.0,0.6763550667714061,0.7448096885813149,0.7089337175792507,1156.0
accuracy,0.6753902662993572,0.6753902662993572,0.6753902662993572,0.6753902662993572
macro avg,0.6751941079713384,0.6708392865607162,0.6710210881617062,2178.0
weighted avg,0.6752655351886062,0.6753902662993572,0.6733536374463486,2178.0
