accuracy,precision_macro,recall_macro,f1_macro
0.687715269804822,0.6909284892437502,0.6811512124119223,0.680711590296496
0.6842709529276694,0.684812991360647,0.679265605875153,0.6794331309757065
0.6865671641791045,0.685974702631384,0.6827854047437891,0.6831845295593445
0.6946039035591275,0.6960209170102818,0.6892811538588772,0.6894693317356858
0.6871412169919633,0.6881130670870556,0.6818968540143571,0.6820234161039052
