,precision,recall,f1-score,support
false,0.5227272727272727,0.518796992481203,0.5207547169811321,266.0
half_true,0.3054393305439331,0.3139784946236559,0.30965005302226933,465.0
mostly_false,0.26521739130434785,0.3711967545638945,0.30938292476754015,493.0
mostly_true,0.3081896551724138,0.3325581395348837,0.319910514541387,430.0
pants_fire,0.43434343434343436,0.3269961977186312,0.37310195227765725,263.0
true,0.42857142857142855,0.13793103448275862,0.20869565217391303,261.0
accuracy,0.33608815426997246,0.33608815426997246,0.33608815426997246,0.33608815426997246
macro avg,0.37741475211047165,0.33357626890083786,0.34024930229398315,2178.0
weighted avg,0.3537364256083705,0.33608815426997246,0.3329617590458886,2178.0
