accuracy,precision_macro,recall_macro,f1_macro
0.35648679678530426,0.3844382922435546,0.34559430716685124,0.3522262002209631
0.3266360505166475,0.3540396600727547,0.32082425217973526,0.3227917966415867
0.3478760045924225,0.37676475668041426,0.34172440415399596,0.34633508503567784
0.3541905855338691,0.3921552240631205,0.34627336353128085,0.3550285332023515
0.3266360505166475,0.3407392762940559,0.315022645194504,0.31441500424096985
