{
  "train_mean": {
    "accuracy": 1.0,
    "precision_macro": 1.0,
    "recall_macro": 1.0,
    "f1_macro": 1.0
  },
  "train_std": {
    "accuracy": 0.0,
    "precision_macro": 0.0,
    "recall_macro": 0.0,
    "f1_macro": 0.0
  },
  "val_mean": {
    "accuracy": 0.34236509758897815,
    "precision_macro": 0.36962744187078,
    "recall_macro": 0.3338877944452735,
    "f1_macro": 0.3381593238683098
  },
  "val_std": {
    "accuracy": 0.014700684447790834,
    "precision_macro": 0.021536646522457646,
    "recall_macro": 0.014818967627578502,
    "f1_macro": 0.01836602782429939
  },
  "test_metrics": {
    "accuracy": 0.33608815426997246,
    "precision_macro": 0.37741475211047165,
    "recall_macro": 0.33357626890083786,
    "f1_macro": 0.34024930229398315
  },
  "test_classification_report": {
    "false": {
      "precision": 0.5227272727272727,
      "recall": 0.518796992481203,
      "f1-score": 0.5207547169811321,
      "support": 266.0
    },
    "half_true": {
      "precision": 0.3054393305439331,
      "recall": 0.3139784946236559,
      "f1-score": 0.30965005302226933,
      "support": 465.0
    },
    "mostly_false": {
      "precision": 0.26521739130434785,
      "recall": 0.3711967545638945,
      "f1-score": 0.30938292476754015,
      "support": 493.0
    },
    "mostly_true": {
      "precision": 0.3081896551724138,
      "recall": 0.3325581395348837,
      "f1-score": 0.319910514541387,
      "support": 430.0
    },
    "pants_fire": {
      "precision": 0.43434343434343436,
      "recall": 0.3269961977186312,
      "f1-score": 0.37310195227765725,
      "support": 263.0
    },
    "true": {
      "precision": 0.42857142857142855,
      "recall": 0.13793103448275862,
      "f1-score": 0.20869565217391303,
      "support": 261.0
    },
    "accuracy": 0.33608815426997246,
    "macro avg": {
      "precision": 0.37741475211047165,
      "recall": 0.33357626890083786,
      "f1-score": 0.34024930229398315,
      "support": 2178.0
    },
    "weighted avg": {
      "precision": 0.3537364256083705,
      "recall": 0.33608815426997246,
      "f1-score": 0.3329617590458886,
      "support": 2178.0
    }
  },
  "test_confusion_matrix": [
    [
      138,
      15,
      61,
      15,
      36,
      1
    ],
    [
      22,
      146,
      157,
      107,
      19,
      14
    ],
    [
      47,
      128,
      183,
      91,
      31,
      13
    ],
    [
      12,
      103,
      141,
      143,
      12,
      19
    ],
    [
      36,
      38,
      82,
      20,
      86,
      1
    ],
    [
      9,
      48,
      66,
      88,
      14,
      36
    ]
  ],
  "classes": [
    "false",
    "half_true",
    "mostly_false",
    "mostly_true",
    "pants_fire",
    "true"
  ]
}