,precision,recall,f1-score,support
0.0,0.7880512091038406,0.5420743639921722,0.6423188405797101,1022.0
1.0,0.6827118644067797,0.8711072664359861,0.765488407449639,1156.0
accuracy,0.716712580348944,0.716712580348944,0.716712580348944,0.716712580348944
macro avg,0.7353815367553102,0.7065908152140792,0.7039036240146745,2178.0
weighted avg,0.7321410702288166,0.716712580348944,0.70769258681554,2178.0
