accuracy,precision_macro,recall_macro,f1_macro
0.7278989667049368,0.7464603576508171,0.7180601409242781,0.7161782013771256
0.7313432835820896,0.749639730263403,0.7216606569850144,0.7200418672117097
0.7187141216991964,0.733736675309709,0.7093400377121307,0.7075743311668112
0.7491389207807119,0.7676523731355622,0.7399179595752423,0.7392646977729811
0.7428243398392652,0.7626198725829887,0.7331860134308115,0.73200588998044
