,precision,recall,f1-score,support
false,0.5341614906832298,0.6466165413533834,0.5850340136054422,266.0
half_true,0.35365853658536583,0.3118279569892473,0.3314285714285714,465.0
mostly_false,0.2994428969359331,0.43610547667342797,0.3550784475639967,493.0
mostly_true,0.3670886075949367,0.4046511627906977,0.38495575221238937,430.0
pants_fire,0.6,0.33079847908745247,0.4264705882352941,263.0
true,0.5137614678899083,0.21455938697318008,0.3027027027027027,261.0
accuracy,0.38980716253443526,0.38980716253443526,0.38980716253443526,0.38980716253443526
macro avg,0.444685499948229,0.39075983397789815,0.39761167929139946,2178.0
weighted avg,0.41501532075685865,0.38980716253443526,0.38635681889118406,2178.0
