accuracy,precision_macro,recall_macro,f1_macro
0.3978185993111366,0.43653873820365546,0.3936357119497222,0.39563950711664536
0.39265212399540755,0.4611380592532272,0.3915368961480267,0.39906232756815063
0.39667049368541907,0.4509319901402906,0.40301671037151693,0.40416508984367455
0.3960964408725603,0.45539662853286816,0.394243531325875,0.4029172906895322
0.3817451205510907,0.4533535924421495,0.38051482856413027,0.38905328732599104
