accuracy,precision_macro,recall_macro,f1_macro
0.7336394948335246,0.7484774673952002,0.7247517284726588,0.7238491551018456
0.7278989667049368,0.7447049178626651,0.7184174137417711,0.716857529658175
0.7175660160734788,0.7309312565479549,0.7085447748850442,0.7070531681013268
0.7307692307692307,0.745449594152992,0.7218346620794601,0.7208107239016335
0.735361653272101,0.7495949175263741,0.7266591683482748,0.7259393871140027
