,precision,recall,f1-score,support
0.0,0.7720797720797721,0.5303326810176126,0.62877030162413,1022.0
1.0,0.6747967479674797,0.8615916955017301,0.756838905775076,1156.0
accuracy,0.7061524334251607,0.7061524334251607,0.7061524334251607,0.7061524334251607
macro avg,0.7234382600236259,0.6959621882596714,0.692804603699603,2178.0
weighted avg,0.7204456233773799,0.7061524334251607,0.6967442715040628,2178.0
