,precision,recall,f1-score,support
false,0.567741935483871,0.6616541353383458,0.6111111111111112,266.0
half_true,0.3566084788029925,0.30752688172043013,0.3302540415704388,465.0
mostly_false,0.31521739130434784,0.47058823529411764,0.3775427176566314,493.0
mostly_true,0.35714285714285715,0.38372093023255816,0.36995515695067266,430.0
pants_fire,0.56,0.3193916349809886,0.4067796610169492,263.0
true,0.5210084033613446,0.23754789272030652,0.3263157894736842,261.0
accuracy,0.3957759412304867,0.3957759412304867,0.3957759412304867,0.3957759412304867
macro avg,0.4462865110159022,0.3967382850477912,0.40365974629658125,2178.0
weighted avg,0.4173916865215263,0.3957759412304867,0.39186613134959014,2178.0
