accuracy,precision_macro,recall_macro,f1_macro
0.39035591274397247,0.43633568510384396,0.3857337977358149,0.38988339677085077
0.3920780711825488,0.46240603725884855,0.39092943836704613,0.39651563169218124
0.40929965556831227,0.45316001998324057,0.41279434908300194,0.4128857883064143
0.39150401836969,0.45431954975946787,0.3881544608032304,0.3988111409027358
0.378300803673938,0.44274559035205846,0.37534185774896817,0.3811967172215642
