accuracy,precision_macro,recall_macro,f1_macro
0.6882893226176808,0.691464835691745,0.6817632075159614,0.6813538082172399
0.6859931113662457,0.6867316329541358,0.6808872274967745,0.681043690742182
0.6854190585533869,0.6855846909763211,0.6807754143372259,0.6810449095674231
0.7049368541905855,0.7080760814957213,0.6989394290251083,0.6990320763367606
0.695752009184845,0.6981693126808417,0.689862052995468,0.6898652452632951
