,precision,recall,f1-score,support
0.0,0.6857798165137615,0.5851272015655578,0.6314677930306231,1022.0
1.0,0.6753445635528331,0.7629757785467128,0.7164906580016247,1156.0
accuracy,0.6795224977043158,0.6795224977043158,0.6795224977043158,0.6795224977043158
macro avg,0.6805621900332973,0.6740514900561353,0.6739792255161239,2178.0
weighted avg,0.6802411790377132,0.6795224977043158,0.6765947130978764,2178.0
