,precision,recall,f1-score,support
false,0.48727272727272725,0.5037593984962406,0.4953789279112754,266.0
half_true,0.32926829268292684,0.34838709677419355,0.3385579937304075,465.0
mostly_false,0.26445086705202314,0.3711967545638945,0.30886075949367087,493.0
mostly_true,0.32666666666666666,0.34186046511627904,0.3340909090909091,430.0
pants_fire,0.43157894736842106,0.311787072243346,0.3620309050772627,263.0
true,0.43037974683544306,0.13026819923371646,0.2,261.0
accuracy,0.34067952249770433,0.34067952249770433,0.34067952249770433,0.34067952249770433
macro avg,0.37826954131303464,0.33454316440461174,0.33981991588392096,2178.0
weighted avg,0.35785106646343706,0.34067952249770433,0.33633693080065635,2178.0
