accuracy,precision_macro,recall_macro,f1_macro
0.35246842709529275,0.3834968795600922,0.3434461317719277,0.3518638221451417
0.34615384615384615,0.3793871338007064,0.3340019531710096,0.337520859056299
0.3513203214695752,0.3829417259118549,0.3468576758981455,0.35154214976802817
0.34959816303099883,0.3792555696188375,0.33952501614669567,0.3456367678528487
0.3185993111366246,0.3339960454933937,0.3072992693970726,0.3068407682781573
