{
  "train_mean": {
    "accuracy": 1.0,
    "precision_macro": 1.0,
    "recall_macro": 1.0,
    "f1_macro": 1.0
  },
  "train_std": {
    "accuracy": 0.0,
    "precision_macro": 0.0,
    "recall_macro": 0.0,
    "f1_macro": 0.0
  },
  "val_mean": {
    "accuracy": 0.3436280137772675,
    "precision_macro": 0.3718154708769769,
    "recall_macro": 0.3342260092769702,
    "f1_macro": 0.338680873420095
  },
  "val_std": {
    "accuracy": 0.014193158320532301,
    "precision_macro": 0.021232304072961224,
    "recall_macro": 0.01579357983449461,
    "f1_macro": 0.018726485004657106
  },
  "test_metrics": {
    "accuracy": 0.34067952249770433,
    "precision_macro": 0.37826954131303464,
    "recall_macro": 0.33454316440461174,
    "f1_macro": 0.33981991588392096
  },
  "test_classification_report": {
    "false": {
      "precision": 0.48727272727272725,
      "recall": 0.5037593984962406,
      "f1-score": 0.4953789279112754,
      "support": 266.0
    },
    "half_true": {
      "precision": 0.32926829268292684,
      "recall": 0.34838709677419355,
      "f1-score": 0.3385579937304075,
      "support": 465.0
    },
    "mostly_false": {
      "precision": 0.26445086705202314,
      "recall": 0.3711967545638945,
      "f1-score": 0.30886075949367087,
      "support": 493.0
    },
    "mostly_true": {
      "precision": 0.32666666666666666,
      "recall": 0.34186046511627904,
      "f1-score": 0.3340909090909091,
      "support": 430.0
    },
    "pants_fire": {
      "precision": 0.43157894736842106,
      "recall": 0.311787072243346,
      "f1-score": 0.3620309050772627,
      "support": 263.0
    },
    "true": {
      "precision": 0.43037974683544306,
      "recall": 0.13026819923371646,
      "f1-score": 0.2,
      "support": 261.0
    },
    "accuracy": 0.34067952249770433,
    "macro avg": {
      "precision": 0.37826954131303464,
      "recall": 0.33454316440461174,
      "f1-score": 0.33981991588392096,
      "support": 2178.0
    },
    "weighted avg": {
      "precision": 0.35785106646343706,
      "recall": 0.34067952249770433,
      "f1-score": 0.33633693080065635,
      "support": 2178.0
    }
  },
  "test_confusion_matrix": [
    [
      134,
      19,
      62,
      15,
      34,
      2
    ],
    [
      26,
      162,
      149,
      97,
      20,
      11
    ],
    [
      54,
      135,
      183,
      81,
      30,
      10
    ],
    [
      11,
      99,
      141,
      147,
      13,
      19
    ],
    [
      40,
      30,
      88,
      20,
      82,
      3
    ],
    [
      10,
      47,
      69,
      90,
      11,
      34
    ]
  ],
  "classes": [
    "false",
    "half_true",
    "mostly_false",
    "mostly_true",
    "pants_fire",
    "true"
  ]
}