{
  "train_mean": {
    "accuracy": 0.8766647531572904,
    "precision_macro": 0.8766263629598399,
    "recall_macro": 0.8756011445962487,
    "f1_macro": 0.8760323458233014
  },
  "train_std": {
    "accuracy": 0.0030840316210584214,
    "precision_macro": 0.003203234006652725,
    "recall_macro": 0.0029904496327218277,
    "f1_macro": 0.0030693901341020805
  },
  "val_mean": {
    "accuracy": 0.7183696900114811,
    "precision_macro": 0.7174463835893482,
    "recall_macro": 0.7162326243011679,
    "f1_macro": 0.7165821325420136
  },
  "val_std": {
    "accuracy": 0.011231501356046465,
    "precision_macro": 0.011234588668190977,
    "recall_macro": 0.011456723057924861,
    "f1_macro": 0.011425453270652832
  },
  "test_metrics": {
    "accuracy": 0.6960514233241506,
    "precision_macro": 0.6950653916323309,
    "recall_macro": 0.693308628850412,
    "f1_macro": 0.6937206006308119
  },
  "test_classification_report": {
    "0.0": {
      "precision": 0.6863354037267081,
      "recall": 0.6487279843444227,
      "f1-score": 0.6670020120724346,
      "support": 1022.0
    },
    "1.0": {
      "precision": 0.7037953795379538,
      "recall": 0.7378892733564014,
      "f1-score": 0.7204391891891891,
      "support": 1156.0
    },
    "accuracy": 0.6960514233241506,
    "macro avg": {
      "precision": 0.6950653916323309,
      "recall": 0.693308628850412,
      "f1-score": 0.6937206006308119,
      "support": 2178.0
    },
    "weighted avg": {
      "precision": 0.695602498326249,
      "recall": 0.6960514233241506,
      "f1-score": 0.6953644440040087,
      "support": 2178.0
    }
  },
  "test_confusion_matrix": [
    [
      663,
      359
    ],
    [
      303,
      853
    ]
  ],
  "classes": [
    0.0,
    1.0
  ]
}