accuracy,precision_macro,recall_macro,f1_macro
0.7192881745120551,0.718370542371437,0.7170260346025339,0.7174369577166156
0.7066590126291619,0.7054904051172708,0.7050626881471435,0.7052368553767762
0.7123995407577497,0.7117875994389662,0.7093962751000695,0.7099217155375364
0.7365097588978186,0.7355321801878283,0.7349571603427172,0.7351895304916317
0.71699196326062,0.7160511908312386,0.7147209633133746,0.7151256035875082
