,precision,recall,f1-score,support
0.0,0.6863354037267081,0.6487279843444227,0.6670020120724346,1022.0
1.0,0.7037953795379538,0.7378892733564014,0.7204391891891891,1156.0
accuracy,0.6960514233241506,0.6960514233241506,0.6960514233241506,0.6960514233241506
macro avg,0.6950653916323309,0.693308628850412,0.6937206006308119,2178.0
weighted avg,0.695602498326249,0.6960514233241506,0.6953644440040087,2178.0
