,precision,recall,f1-score,support
false,0.5309734513274337,0.6766917293233082,0.5950413223140496,266.0
half_true,0.32867132867132864,0.3032258064516129,0.31543624161073824,465.0
mostly_false,0.33495145631067963,0.2799188640973631,0.30497237569060776,493.0
mostly_true,0.3217821782178218,0.3023255813953488,0.3117505995203837,430.0
pants_fire,0.44881889763779526,0.43346007604562736,0.4410058027079304,263.0
true,0.3264705882352941,0.42528735632183906,0.36938435940099834,261.0
accuracy,0.37373737373737376,0.37373737373737376,0.37373737373737376,0.37373737373737376
macro avg,0.38194465006672557,0.4034849022725166,0.3895984502074514,2178.0
weighted avg,0.3676844371387721,0.37373737373737376,0.36811608218990416,2178.0
