{
  "train_mean": {
    "accuracy": 0.8173076923076923,
    "precision_macro": 0.817808417707847,
    "recall_macro": 0.8423674457691502,
    "f1_macro": 0.8271864263748434
  },
  "train_std": {
    "accuracy": 0.0034188086250205797,
    "precision_macro": 0.0032396218514872577,
    "recall_macro": 0.002593344272340418,
    "f1_macro": 0.003060928234331194
  },
  "val_mean": {
    "accuracy": 0.3878300803673938,
    "precision_macro": 0.3939835893239677,
    "recall_macro": 0.41440569117243803,
    "f1_macro": 0.40128612069847625
  },
  "val_std": {
    "accuracy": 0.006322404088293147,
    "precision_macro": 0.00960459343199727,
    "recall_macro": 0.00785119730795802,
    "f1_macro": 0.008501894774379373
  },
  "test_metrics": {
    "accuracy": 0.37373737373737376,
    "precision_macro": 0.38194465006672557,
    "recall_macro": 0.4034849022725166,
    "f1_macro": 0.3895984502074514
  },
  "test_classification_report": {
    "false": {
      "precision": 0.5309734513274337,
      "recall": 0.6766917293233082,
      "f1-score": 0.5950413223140496,
      "support": 266.0
    },
    "half_true": {
      "precision": 0.32867132867132864,
      "recall": 0.3032258064516129,
      "f1-score": 0.31543624161073824,
      "support": 465.0
    },
    "mostly_false": {
      "precision": 0.33495145631067963,
      "recall": 0.2799188640973631,
      "f1-score": 0.30497237569060776,
      "support": 493.0
    },
    "mostly_true": {
      "precision": 0.3217821782178218,
      "recall": 0.3023255813953488,
      "f1-score": 0.3117505995203837,
      "support": 430.0
    },
    "pants_fire": {
      "precision": 0.44881889763779526,
      "recall": 0.43346007604562736,
      "f1-score": 0.4410058027079304,
      "support": 263.0
    },
    "true": {
      "precision": 0.3264705882352941,
      "recall": 0.42528735632183906,
      "f1-score": 0.36938435940099834,
      "support": 261.0
    },
    "accuracy": 0.37373737373737376,
    "macro avg": {
      "precision": 0.38194465006672557,
      "recall": 0.4034849022725166,
      "f1-score": 0.3895984502074514,
      "support": 2178.0
    },
    "weighted avg": {
      "precision": 0.3676844371387721,
      "recall": 0.37373737373737376,
      "f1-score": 0.36811608218990416,
      "support": 2178.0
    }
  },
  "test_confusion_matrix": [
    [
      180,
      8,
      30,
      9,
      32,
      7
    ],
    [
      33,
      141,
      101,
      92,
      30,
      68
    ],
    [
      66,
      113,
      138,
      87,
      43,
      46
    ],
    [
      12,
      99,
      73,
      130,
      25,
      91
    ],
    [
      41,
      32,
      40,
      19,
      114,
      17
    ],
    [
      7,
      36,
      30,
      67,
      10,
      111
    ]
  ],
  "classes": [
    "false",
    "half_true",
    "mostly_false",
    "mostly_true",
    "pants_fire",
    "true"
  ]
}