accuracy,precision_macro,recall_macro,f1_macro
0.39035591274397247,0.4025592754687555,0.4182699659688695,0.4067639934463641
0.38978185993111364,0.3948209715631365,0.4176051339595579,0.40291487367198126
0.3788748564867968,0.3825714719074352,0.40504128506698067,0.39111578992172363
0.39552238805970147,0.40399740071336526,0.4236510171281886,0.4114301785327558
0.38461538461538464,0.38596882696714596,0.40746105373859326,0.39420576791955675
