{
  "train_mean": {
    "accuracy": 0.5640642939150402,
    "precision_macro": 0.7276626909805868,
    "recall_macro": 0.5357296635680969,
    "f1_macro": 0.4261253438798237
  },
  "train_std": {
    "accuracy": 0.0023065031979297695,
    "precision_macro": 0.0038005434210115394,
    "recall_macro": 0.0024950608058706258,
    "f1_macro": 0.005186015124764739
  },
  "val_mean": {
    "accuracy": 0.5632606199770378,
    "precision_macro": 0.7264270220652718,
    "recall_macro": 0.5348800158787919,
    "f1_macro": 0.4245636328447883
  },
  "val_std": {
    "accuracy": 0.0014293799768069495,
    "precision_macro": 0.013812710673838394,
    "recall_macro": 0.0015188073721809886,
    "f1_macro": 0.003338238197808411
  },
  "test_metrics": {
    "accuracy": 0.5872359963269054,
    "precision_macro": 0.7097905525204331,
    "recall_macro": 0.5615938962208573,
    "f1_macro": 0.48164753752255196
  },
  "test_classification_report": {
    "0.0": {
      "precision": 0.8554913294797688,
      "recall": 0.14481409001956946,
      "f1-score": 0.24769874476987447,
      "support": 1022.0
    },
    "1.0": {
      "precision": 0.5640897755610973,
      "recall": 0.9783737024221453,
      "f1-score": 0.7155963302752294,
      "support": 1156.0
    },
    "accuracy": 0.5872359963269054,
    "macro avg": {
      "precision": 0.7097905525204331,
      "recall": 0.5615938962208573,
      "f1-score": 0.48164753752255196,
      "support": 2178.0
    },
    "weighted avg": {
      "precision": 0.700826409218068,
      "recall": 0.5872359963269054,
      "f1-score": 0.49604108124562757,
      "support": 2178.0
    }
  },
  "test_confusion_matrix": [
    [
      148,
      874
    ],
    [
      25,
      1131
    ]
  ],
  "classes": [
    0.0,
    1.0
  ]
}