,precision,recall,f1-score,support
0.0,0.8554913294797688,0.14481409001956946,0.24769874476987447,1022.0
1.0,0.5640897755610973,0.9783737024221453,0.7155963302752294,1156.0
accuracy,0.5872359963269054,0.5872359963269054,0.5872359963269054,0.5872359963269054
macro avg,0.7097905525204331,0.5615938962208573,0.48164753752255196,2178.0
weighted avg,0.700826409218068,0.5872359963269054,0.49604108124562757,2178.0
