accuracy,precision_macro,recall_macro,f1_macro
0.563719862227325,0.7507586715448538,0.5350980846207285,0.4222524787040916
0.5619977037887486,0.7227229601518026,0.5335479175626054,0.4221393278162179
0.5619977037887486,0.7170796308954204,0.5336193721261041,0.42299826484379033
0.5654420206659012,0.722578505086245,0.5372913427503391,0.43006522275617687
0.5631458094144661,0.7189953426480372,0.5348433623341824,0.4253628701036648
