accuracy,precision_macro,recall_macro,f1_macro
0.22789896670493687,0.0813878982556424,0.1680858031766825,0.06674494439685212
0.22445464982778415,0.046962275500558565,0.1654226479631752,0.062233359967071016
0.2296211251435132,0.13306862988391652,0.16898507327253753,0.06848559136214247
0.22560275545350172,0.07727943890734588,0.16637477709214132,0.06543113934315448
0.2267508610792193,0.07115088529638183,0.16714212741892084,0.06336784336576931
