{
  "train_mean": {
    "accuracy": 0.22703788748564868,
    "precision_macro": 0.10889524701244091,
    "recall_macro": 0.16734210087540544,
    "f1_macro": 0.06556096022504138
  },
  "train_std": {
    "accuracy": 0.000574052812858784,
    "precision_macro": 0.03695483021199678,
    "recall_macro": 0.00044828565599917293,
    "f1_macro": 0.0014542641808987238
  },
  "val_mean": {
    "accuracy": 0.22686567164179103,
    "precision_macro": 0.08196982556876904,
    "recall_macro": 0.16720208578469148,
    "f1_macro": 0.06525257568699787
  },
  "val_std": {
    "accuracy": 0.0020050802751518967,
    "precision_macro": 0.03152778218993884,
    "recall_macro": 0.0013977154976747325,
    "f1_macro": 0.0025188945584978225
  },
  "test_metrics": {
    "accuracy": 0.22451790633608815,
    "precision_macro": 0.0695532191348091,
    "recall_macro": 0.1654161850131228,
    "f1_macro": 0.06441309172775106
  },
  "test_classification_report": {
    "false": {
      "precision": 0.0,
      "recall": 0.0,
      "f1-score": 0.0,
      "support": 266.0
    },
    "half_true": {
      "precision": 0.19230769230769232,
      "recall": 0.010752688172043012,
      "f1-score": 0.020366598778004074,
      "support": 465.0
    },
    "mostly_false": {
      "precision": 0.22501162250116225,
      "recall": 0.9817444219066938,
      "f1-score": 0.3661119515885023,
      "support": 493.0
    },
    "mostly_true": {
      "precision": 0.0,
      "recall": 0.0,
      "f1-score": 0.0,
      "support": 430.0
    },
    "pants_fire": {
      "precision": 0.0,
      "recall": 0.0,
      "f1-score": 0.0,
      "support": 263.0
    },
    "true": {
      "precision": 0.0,
      "recall": 0.0,
      "f1-score": 0.0,
      "support": 261.0
    },
    "accuracy": 0.22451790633608815,
    "macro avg": {
      "precision": 0.0695532191348091,
      "recall": 0.1654161850131228,
      "f1-score": 0.06441309172775106,
      "support": 2178.0
    },
    "weighted avg": {
      "precision": 0.09198981029207985,
      "recall": 0.22451790633608815,
      "f1-score": 0.08721931155413386,
      "support": 2178.0
    }
  },
  "test_confusion_matrix": [
    [
      0,
      4,
      262,
      0,
      0,
      0
    ],
    [
      0,
      5,
      460,
      0,
      0,
      0
    ],
    [
      0,
      9,
      484,
      0,
      0,
      0
    ],
    [
      0,
      6,
      424,
      0,
      0,
      0
    ],
    [
      0,
      0,
      263,
      0,
      0,
      0
    ],
    [
      0,
      2,
      258,
      1,
      0,
      0
    ]
  ],
  "classes": [
    "false",
    "half_true",
    "mostly_false",
    "mostly_true",
    "pants_fire",
    "true"
  ]
}