,precision,recall,f1-score,support
false,0.0,0.0,0.0,266.0
half_true,0.19230769230769232,0.010752688172043012,0.020366598778004074,465.0
mostly_false,0.22501162250116225,0.9817444219066938,0.3661119515885023,493.0
mostly_true,0.0,0.0,0.0,430.0
pants_fire,0.0,0.0,0.0,263.0
true,0.0,0.0,0.0,261.0
accuracy,0.22451790633608815,0.22451790633608815,0.22451790633608815,0.22451790633608815
macro avg,0.0695532191348091,0.1654161850131228,0.06441309172775106,2178.0
weighted avg,0.09198981029207985,0.22451790633608815,0.08721931155413386,2178.0
