{
  "train_mean": {
    "accuracy": 0.8040757749712973,
    "precision_macro": 0.8053100019684687,
    "recall_macro": 0.8011404280657647,
    "f1_macro": 0.8022139372068212
  },
  "train_std": {
    "accuracy": 0.0016748673319053038,
    "precision_macro": 0.001835316640893297,
    "recall_macro": 0.001606341449237568,
    "f1_macro": 0.0016433629118476527
  },
  "val_mean": {
    "accuracy": 0.7307692307692308,
    "precision_macro": 0.7309267378135362,
    "recall_macro": 0.7273509543815541,
    "f1_macro": 0.7280137906206257
  },
  "val_std": {
    "accuracy": 0.009562761910997522,
    "precision_macro": 0.009358095272689932,
    "recall_macro": 0.009945872500575994,
    "f1_macro": 0.009994087692968763
  },
  "test_metrics": {
    "accuracy": 0.7098255280073462,
    "precision_macro": 0.710455159981974,
    "recall_macro": 0.7055471664894806,
    "f1_macro": 0.7060758870918147
  },
  "test_classification_report": {
    "0.0": {
      "precision": 0.7142857142857143,
      "recall": 0.6360078277886497,
      "f1-score": 0.6728778467908902,
      "support": 1022.0
    },
    "1.0": {
      "precision": 0.7066246056782335,
      "recall": 0.7750865051903114,
      "f1-score": 0.7392739273927392,
      "support": 1156.0
    },
    "accuracy": 0.7098255280073462,
    "macro avg": {
      "precision": 0.710455159981974,
      "recall": 0.7055471664894806,
      "f1-score": 0.7060758870918147,
      "support": 2178.0
    },
    "weighted avg": {
      "precision": 0.7102194876786216,
      "recall": 0.7098255280073462,
      "f1-score": 0.7081183744197871,
      "support": 2178.0
    }
  },
  "test_confusion_matrix": [
    [
      650,
      372
    ],
    [
      260,
      896
    ]
  ],
  "classes": [
    0.0,
    1.0
  ]
}