accuracy,precision_macro,recall_macro,f1_macro
0.7256027554535017,0.7254068625150039,0.7224003440404909,0.7230266703034254
0.730195177956372,0.7300793272938194,0.7270104866188098,0.7276622072021128
0.7181400688863375,0.7190502917507212,0.713801316616494,0.7144131663730069
0.7422502870264064,0.742461259248918,0.7390049290416487,0.7397424503123291
0.7376578645235362,0.7376359482592187,0.7345376955903271,0.7352244589122536
