,precision,recall,f1-score,support
0.0,0.7142857142857143,0.6360078277886497,0.6728778467908902,1022.0
1.0,0.7066246056782335,0.7750865051903114,0.7392739273927392,1156.0
accuracy,0.7098255280073462,0.7098255280073462,0.7098255280073462,0.7098255280073462
macro avg,0.710455159981974,0.7055471664894806,0.7060758870918147,2178.0
weighted avg,0.7102194876786216,0.7098255280073462,0.7081183744197871,2178.0
