{
  "train_mean": {
    "accuracy": 0.6327210103329507,
    "precision_macro": 0.6334345729814341,
    "recall_macro": 0.668280814885701,
    "f1_macro": 0.641219664857004
  },
  "train_std": {
    "accuracy": 0.0031855405601159156,
    "precision_macro": 0.0033203716071187666,
    "recall_macro": 0.00383084852490393,
    "f1_macro": 0.0032345481222154134
  },
  "val_mean": {
    "accuracy": 0.38817451205510906,
    "precision_macro": 0.39224760935379493,
    "recall_macro": 0.42289377895114366,
    "f1_macro": 0.40093011205043216
  },
  "val_std": {
    "accuracy": 0.004527380976608577,
    "precision_macro": 0.007552955851232142,
    "recall_macro": 0.007649555068751124,
    "f1_macro": 0.006725259456919335
  },
  "test_metrics": {
    "accuracy": 0.37373737373737376,
    "precision_macro": 0.3770826646065856,
    "recall_macro": 0.4088918796720336,
    "f1_macro": 0.3863947075034859
  },
  "test_classification_report": {
    "false": {
      "precision": 0.512,
      "recall": 0.7218045112781954,
      "f1-score": 0.5990639625585024,
      "support": 266.0
    },
    "half_true": {
      "precision": 0.3475783475783476,
      "recall": 0.2623655913978495,
      "f1-score": 0.29901960784313725,
      "support": 465.0
    },
    "mostly_false": {
      "precision": 0.3316708229426434,
      "recall": 0.2697768762677485,
      "f1-score": 0.2975391498881432,
      "support": 493.0
    },
    "mostly_true": {
      "precision": 0.3358208955223881,
      "recall": 0.313953488372093,
      "f1-score": 0.3245192307692308,
      "support": 430.0
    },
    "pants_fire": {
      "precision": 0.43223443223443225,
      "recall": 0.44866920152091255,
      "f1-score": 0.44029850746268656,
      "support": 263.0
    },
    "true": {
      "precision": 0.30319148936170215,
      "recall": 0.4367816091954023,
      "f1-score": 0.3579277864992151,
      "support": 261.0
    },
    "accuracy": 0.37373737373737376,
    "macro avg": {
      "precision": 0.3770826646065856,
      "recall": 0.4088918796720336,
      "f1-score": 0.3863947075034859,
      "support": 2178.0
    },
    "weighted avg": {
      "precision": 0.3666406183702211,
      "recall": 0.37373737373737376,
      "f1-score": 0.3644824892342635,
      "support": 2178.0
    }
  },
  "test_confusion_matrix": [
    [
      192,
      6,
      16,
      9,
      34,
      9
    ],
    [
      42,
      122,
      102,
      95,
      31,
      73
    ],
    [
      78,
      92,
      133,
      89,
      43,
      58
    ],
    [
      12,
      79,
      73,
      135,
      28,
      103
    ],
    [
      44,
      19,
      44,
      19,
      118,
      19
    ],
    [
      7,
      33,
      33,
      55,
      19,
      114
    ]
  ],
  "classes": [
    "false",
    "half_true",
    "mostly_false",
    "mostly_true",
    "pants_fire",
    "true"
  ]
}