accuracy,precision_macro,recall_macro,f1_macro
0.3869115958668197,0.39403928027841334,0.4218068494045015,0.39993985852275604
0.39035591274397247,0.39322811238011185,0.4298667146824194,0.40413439570428084
0.3840413318025258,0.3850118060712604,0.41797193274726796,0.39579555821380147
0.3949483352468427,0.40347103830534475,0.43134394812205396,0.4107282408629591
0.38461538461538464,0.3854878097338444,0.41347944979947543,0.3940525069483632
