,precision,recall,f1-score,support
false,0.512,0.7218045112781954,0.5990639625585024,266.0
half_true,0.3475783475783476,0.2623655913978495,0.29901960784313725,465.0
mostly_false,0.3316708229426434,0.2697768762677485,0.2975391498881432,493.0
mostly_true,0.3358208955223881,0.313953488372093,0.3245192307692308,430.0
pants_fire,0.43223443223443225,0.44866920152091255,0.44029850746268656,263.0
true,0.30319148936170215,0.4367816091954023,0.3579277864992151,261.0
accuracy,0.37373737373737376,0.37373737373737376,0.37373737373737376,0.37373737373737376
macro avg,0.3770826646065856,0.4088918796720336,0.3863947075034859,2178.0
weighted avg,0.3666406183702211,0.37373737373737376,0.3644824892342635,2178.0
