,precision,recall,f1-score,support
0.0,0.6629711751662971,0.5851272015655578,0.6216216216216216,1022.0
1.0,0.6677115987460815,0.7370242214532872,0.7006578947368421,1156.0
accuracy,0.6657483930211203,0.6657483930211203,0.6657483930211203,0.6657483930211203
macro avg,0.6653413869561893,0.6610757115094225,0.6611397581792319,2178.0
weighted avg,0.6654872126585978,0.6657483930211203,0.6635710852218029,2178.0
