accuracy,precision_macro,recall_macro,f1_macro
0.6727898966704937,0.6769423910471406,0.665239339706904,0.6638554755259811
0.6819747416762342,0.6818194754067258,0.6775321710939826,0.6778123497676406
0.6521239954075775,0.6511891892605366,0.6515676998908333,0.6512740620936797
0.6836969001148105,0.6920423116255288,0.6749379734691852,0.6727219659827135
0.6768082663605052,0.6931958527337623,0.6655933044427537,0.6600292221804323
