{
  "train_mean": {
    "accuracy": 0.6762342135476465,
    "precision_macro": 0.6816655336784889,
    "recall_macro": 0.6695365377617519,
    "f1_macro": 0.6677353821107699
  },
  "train_std": {
    "accuracy": 0.002569247099593607,
    "precision_macro": 0.009025550184438865,
    "recall_macro": 0.003729667738479805,
    "f1_macro": 0.0056925186068064295
  },
  "val_mean": {
    "accuracy": 0.6734787600459241,
    "precision_macro": 0.6790378440147388,
    "recall_macro": 0.6669740977207317,
    "f1_macro": 0.6651386151100894
  },
  "val_std": {
    "accuracy": 0.012690333015114031,
    "precision_macro": 0.017009125173616975,
    "recall_macro": 0.010212361380061678,
    "f1_macro": 0.010465525957567964
  },
  "test_metrics": {
    "accuracy": 0.6657483930211203,
    "precision_macro": 0.6653413869561893,
    "recall_macro": 0.6610757115094225,
    "f1_macro": 0.6611397581792319
  },
  "test_classification_report": {
    "0.0": {
      "precision": 0.6629711751662971,
      "recall": 0.5851272015655578,
      "f1-score": 0.6216216216216216,
      "support": 1022.0
    },
    "1.0": {
      "precision": 0.6677115987460815,
      "recall": 0.7370242214532872,
      "f1-score": 0.7006578947368421,
      "support": 1156.0
    },
    "accuracy": 0.6657483930211203,
    "macro avg": {
      "precision": 0.6653413869561893,
      "recall": 0.6610757115094225,
      "f1-score": 0.6611397581792319,
      "support": 2178.0
    },
    "weighted avg": {
      "precision": 0.6654872126585978,
      "recall": 0.6657483930211203,
      "f1-score": 0.6635710852218029,
      "support": 2178.0
    }
  },
  "test_confusion_matrix": [
    [
      598,
      424
    ],
    [
      304,
      852
    ]
  ],
  "classes": [
    0.0,
    1.0
  ]
}