{
  "train_mean": {
    "accuracy": 0.29962686567164176,
    "precision_macro": 0.3539080205425796,
    "recall_macro": 0.32327254630652785,
    "f1_macro": 0.26056182078762735
  },
  "train_std": {
    "accuracy": 0.023105937700684132,
    "precision_macro": 0.04261087442185866,
    "recall_macro": 0.02712452848751197,
    "f1_macro": 0.03764330708835263
  },
  "val_mean": {
    "accuracy": 0.29712973593570613,
    "precision_macro": 0.2916895602843746,
    "recall_macro": 0.3200791476696304,
    "f1_macro": 0.2582179477256265
  },
  "val_std": {
    "accuracy": 0.019528767092599226,
    "precision_macro": 0.04733954535718929,
    "recall_macro": 0.019647350738085604,
    "f1_macro": 0.030675340148920927
  },
  "test_metrics": {
    "accuracy": 0.2630853994490358,
    "precision_macro": 0.3015395378424151,
    "recall_macro": 0.3033467933875122,
    "f1_macro": 0.21518502110073523
  },
  "test_classification_report": {
    "false": {
      "precision": 0.37193763919821826,
      "recall": 0.6278195488721805,
      "f1-score": 0.4671328671328671,
      "support": 266.0
    },
    "half_true": {
      "precision": 0.27903871829105475,
      "recall": 0.44946236559139785,
      "f1-score": 0.3443163097199341,
      "support": 465.0
    },
    "mostly_false": {
      "precision": 0.4,
      "recall": 0.008113590263691683,
      "f1-score": 0.015904572564612324,
      "support": 493.0
    },
    "mostly_true": {
      "precision": 0.0,
      "recall": 0.0,
      "f1-score": 0.0,
      "support": 430.0
    },
    "pants_fire": {
      "precision": 0.1782608695652174,
      "recall": 0.623574144486692,
      "f1-score": 0.2772612003381234,
      "support": 263.0
    },
    "true": {
      "precision": 0.58,
      "recall": 0.1111111111111111,
      "f1-score": 0.1864951768488746,
      "support": 261.0
    },
    "accuracy": 0.2630853994490358,
    "macro avg": {
      "precision": 0.3015395378424151,
      "recall": 0.3033467933875122,
      "f1-score": 0.21518502110073523,
      "support": 2178.0
    },
    "weighted avg": {
      "precision": 0.28657071842411325,
      "recall": 0.2630853994490358,
      "f1-score": 0.18999096317628494,
      "support": 2178.0
    }
  },
  "test_confusion_matrix": [
    [
      167,
      22,
      2,
      0,
      73,
      2
    ],
    [
      54,
      209,
      2,
      0,
      197,
      3
    ],
    [
      103,
      176,
      4,
      0,
      204,
      6
    ],
    [
      38,
      206,
      1,
      0,
      176,
      9
    ],
    [
      66,
      32,
      0,
      0,
      164,
      1
    ],
    [
      21,
      104,
      1,
      0,
      106,
      29
    ]
  ],
  "classes": [
    "false",
    "half_true",
    "mostly_false",
    "mostly_true",
    "pants_fire",
    "true"
  ]
}