,precision,recall,f1-score,support
false,0.37193763919821826,0.6278195488721805,0.4671328671328671,266.0
half_true,0.27903871829105475,0.44946236559139785,0.3443163097199341,465.0
mostly_false,0.4,0.008113590263691683,0.015904572564612324,493.0
mostly_true,0.0,0.0,0.0,430.0
pants_fire,0.1782608695652174,0.623574144486692,0.2772612003381234,263.0
true,0.58,0.1111111111111111,0.1864951768488746,261.0
accuracy,0.2630853994490358,0.2630853994490358,0.2630853994490358,0.2630853994490358
macro avg,0.3015395378424151,0.3033467933875122,0.21518502110073523,2178.0
weighted avg,0.28657071842411325,0.2630853994490358,0.18999096317628494,2178.0
