accuracy,precision_macro,recall_macro,f1_macro
0.3140068886337543,0.30869561835248055,0.3421192147646783,0.29932980692242617
0.30539609644087257,0.2899967778350599,0.32995750828036224,0.2785682589183777
0.26406429391504016,0.22575878982951625,0.31778416894814726,0.23214580688486638
0.29621125143513205,0.2779846766835311,0.28919437576890294,0.2272262751569557
0.30597014925373134,0.35601193872128517,0.3213404705860615,0.2538195907455066
