,precision,recall,f1-score,support
0.0,0.7007700770077008,0.6232876712328768,0.6597617814603832,1022.0
1.0,0.6966115051221434,0.7647058823529411,0.7290721649484536,1156.0
accuracy,0.6983471074380165,0.6983471074380165,0.6983471074380165,0.6983471074380165
macro avg,0.698690791064922,0.6939967767929089,0.6944169732044184,2178.0
weighted avg,0.6985628643815739,0.6983471074380165,0.6965491108048321,2178.0
