{
  "train_mean": {
    "accuracy": 0.8385763490241102,
    "precision_macro": 0.8395068957739031,
    "recall_macro": 0.8363136061397995,
    "f1_macro": 0.8373031884045844
  },
  "train_std": {
    "accuracy": 0.003204878296772797,
    "precision_macro": 0.003123063506575771,
    "recall_macro": 0.00332187815225556,
    "f1_macro": 0.0032772201446725968
  },
  "val_mean": {
    "accuracy": 0.7262916188289322,
    "precision_macro": 0.7259218067700457,
    "recall_macro": 0.7233348109431341,
    "f1_macro": 0.7238985917856834
  },
  "val_std": {
    "accuracy": 0.011725300970550424,
    "precision_macro": 0.011550187525020178,
    "recall_macro": 0.012186911583803632,
    "f1_macro": 0.012175020148266002
  },
  "test_metrics": {
    "accuracy": 0.6983471074380165,
    "precision_macro": 0.698690791064922,
    "recall_macro": 0.6939967767929089,
    "f1_macro": 0.6944169732044184
  },
  "test_classification_report": {
    "0.0": {
      "precision": 0.7007700770077008,
      "recall": 0.6232876712328768,
      "f1-score": 0.6597617814603832,
      "support": 1022.0
    },
    "1.0": {
      "precision": 0.6966115051221434,
      "recall": 0.7647058823529411,
      "f1-score": 0.7290721649484536,
      "support": 1156.0
    },
    "accuracy": 0.6983471074380165,
    "macro avg": {
      "precision": 0.698690791064922,
      "recall": 0.6939967767929089,
      "f1-score": 0.6944169732044184,
      "support": 2178.0
    },
    "weighted avg": {
      "precision": 0.6985628643815739,
      "recall": 0.6983471074380165,
      "f1-score": 0.6965491108048321,
      "support": 2178.0
    }
  },
  "test_confusion_matrix": [
    [
      637,
      385
    ],
    [
      272,
      884
    ]
  ],
  "classes": [
    0.0,
    1.0
  ]
}