accuracy,precision_macro,recall_macro,f1_macro
0.7210103329506314,0.7206730492147804,0.7178616560256708,0.718453692175079
0.7204362801377727,0.7197518829122376,0.717749842866122,0.7182629256879836
0.7146957520091849,0.7148945352538167,0.7108438916272454,0.7114412738027269
0.7445464982778416,0.7440186028650972,0.7421674550927917,0.742714378409236
0.7307692307692307,0.730270963604297,0.7280512091038407,0.7286206888533914
