{
  "train_mean": {
    "accuracy": 0.7569460390355912,
    "precision_macro": 0.7540974851132417,
    "recall_macro": 0.7858160465429467,
    "f1_macro": 0.7604863882644424
  },
  "train_std": {
    "accuracy": 0.0032003766093742186,
    "precision_macro": 0.0034619373547095937,
    "recall_macro": 0.0034073257070774995,
    "f1_macro": 0.003306686866099236
  },
  "val_mean": {
    "accuracy": 0.3719862227324914,
    "precision_macro": 0.37178623187844934,
    "recall_macro": 0.41544882846042264,
    "f1_macro": 0.3797130886109329
  },
  "val_std": {
    "accuracy": 0.00792317666007018,
    "precision_macro": 0.009121827034924914,
    "recall_macro": 0.007810702500362071,
    "f1_macro": 0.008989077747813892
  },
  "test_metrics": {
    "accuracy": 0.35537190082644626,
    "precision_macro": 0.354282676114226,
    "recall_macro": 0.4016830733458936,
    "f1_macro": 0.3622386614522968
  },
  "test_classification_report": {
    "false": {
      "precision": 0.4622425629290618,
      "recall": 0.7593984962406015,
      "f1-score": 0.5746799431009957,
      "support": 266.0
    },
    "half_true": {
      "precision": 0.33611111111111114,
      "recall": 0.26021505376344084,
      "f1-score": 0.29333333333333333,
      "support": 465.0
    },
    "mostly_false": {
      "precision": 0.34551495016611294,
      "recall": 0.21095334685598377,
      "f1-score": 0.2619647355163728,
      "support": 493.0
    },
    "mostly_true": {
      "precision": 0.31699346405228757,
      "recall": 0.2255813953488372,
      "f1-score": 0.26358695652173914,
      "support": 430.0
    },
    "pants_fire": {
      "precision": 0.40119760479041916,
      "recall": 0.5095057034220533,
      "f1-score": 0.4489112227805695,
      "support": 263.0
    },
    "true": {
      "precision": 0.2636363636363636,
      "recall": 0.4444444444444444,
      "f1-score": 0.3309557774607703,
      "support": 261.0
    },
    "accuracy": 0.35537190082644626,
    "macro avg": {
      "precision": 0.354282676114226,
      "recall": 0.4016830733458936,
      "f1-score": 0.3622386614522968,
      "support": 2178.0
    },
    "weighted avg": {
      "precision": 0.34904421916857004,
      "recall": 0.35537190082644626,
      "f1-score": 0.3380160607379869,
      "support": 2178.0
    }
  },
  "test_confusion_matrix": [
    [
      202,
      8,
      11,
      7,
      31,
      7
    ],
    [
      56,
      121,
      77,
      76,
      48,
      87
    ],
    [
      95,
      92,
      104,
      70,
      60,
      72
    ],
    [
      20,
      86,
      57,
      97,
      33,
      137
    ],
    [
      50,
      22,
      25,
      11,
      134,
      21
    ],
    [
      14,
      31,
      27,
      45,
      28,
      116
    ]
  ],
  "classes": [
    "false",
    "half_true",
    "mostly_false",
    "mostly_true",
    "pants_fire",
    "true"
  ]
}