accuracy,precision_macro,recall_macro,f1_macro
0.365097588978186,0.3676405589236933,0.4072644198132669,0.3755344409571482
0.3656716417910448,0.36334787786503364,0.41327723785753867,0.37145060415169434
0.3777267508610792,0.3752898357447956,0.42052561987781795,0.38338228016869086
0.38289322617680827,0.38609722152556464,0.42623150043432023,0.39373098216824487
0.3685419058553387,0.3665556653331594,0.4099453643191692,0.3744671356088863
