,precision,recall,f1-score,support
false,0.4622425629290618,0.7593984962406015,0.5746799431009957,266.0
half_true,0.33611111111111114,0.26021505376344084,0.29333333333333333,465.0
mostly_false,0.34551495016611294,0.21095334685598377,0.2619647355163728,493.0
mostly_true,0.31699346405228757,0.2255813953488372,0.26358695652173914,430.0
pants_fire,0.40119760479041916,0.5095057034220533,0.4489112227805695,263.0
true,0.2636363636363636,0.4444444444444444,0.3309557774607703,261.0
accuracy,0.35537190082644626,0.35537190082644626,0.35537190082644626,0.35537190082644626
macro avg,0.354282676114226,0.4016830733458936,0.3622386614522968,2178.0
weighted avg,0.34904421916857004,0.35537190082644626,0.3380160607379869,2178.0
