,precision,recall,f1-score,support
0.0,1.0,0.011741682974559686,0.02321083172147002,1022.0
1.0,0.5337026777469991,1.0,0.6959662853702588,1156.0
accuracy,0.5362718089990818,0.5362718089990818,0.5362718089990818,0.5362718089990818
macro avg,0.7668513388734995,0.5058708414872799,0.3595885585458644,2178.0
weighted avg,0.7525070227160381,0.5362718089990818,0.38028397424580423,2178.0
