accuracy,precision_macro,recall_macro,f1_macro
0.5350172215843858,0.7110341732384433,0.5043554202917728,0.3573150268639422
0.5350172215843858,0.7665706051873199,0.5042839657282742,0.3562395065333236
0.5355912743972445,0.716743648960739,0.504967415395812,0.3586433408773066
0.5384615384615384,0.7341825902335457,0.5080273909160078,0.36524321266968324
0.534443168771527,0.7039359861591695,0.5037434251877336,0.3559839082817646
