,precision,recall,f1-score,support
false,0.0,0.0,0.0,266.0
half_true,0.0,0.0,0.0,465.0
mostly_false,0.2264584290307763,1.0,0.3692883895131086,493.0
mostly_true,0.0,0.0,0.0,430.0
pants_fire,0.0,0.0,0.0,263.0
true,0.0,0.0,0.0,261.0
accuracy,0.2263544536271809,0.2263544536271809,0.2263544536271809,0.2263544536271809
macro avg,0.03774307150512938,0.16666666666666666,0.06154806491885143,2178.0
weighted avg,0.05125987397253109,0.2263544536271809,0.08359007163910126,2178.0
