accuracy,precision_macro,recall_macro,f1_macro
0.2261768082663605,0.037696134711060085,0.16666666666666666,0.06148564294631711
0.2261768082663605,0.037696134711060085,0.16666666666666666,0.06148564294631711
0.2267508610792193,0.037791810179869885,0.16666666666666666,0.06161285290906255
0.2261768082663605,0.03771778671261727,0.16666666666666666,0.061514441842310696
0.2261768082663605,0.037696134711060085,0.16666666666666666,0.06148564294631711
