{
  "train_mean": {
    "accuracy": 0.6792192881745119,
    "precision_macro": 0.6837231279108764,
    "recall_macro": 0.6731476396837474,
    "f1_macro": 0.6717805321682431
  },
  "train_std": {
    "accuracy": 0.0040137541148541345,
    "precision_macro": 0.008582184083574385,
    "recall_macro": 0.0027495784357060987,
    "f1_macro": 0.0032267212025021584
  },
  "val_mean": {
    "accuracy": 0.6788748564867968,
    "precision_macro": 0.6838822342848582,
    "recall_macro": 0.6730555426907936,
    "f1_macro": 0.671596316809463
  },
  "val_std": {
    "accuracy": 0.014123332585476774,
    "precision_macro": 0.017183400322188635,
    "recall_macro": 0.01076947079416802,
    "f1_macro": 0.01099007915595325
  },
  "test_metrics": {
    "accuracy": 0.6616161616161617,
    "precision_macro": 0.6601565931605635,
    "recall_macro": 0.6589410139559451,
    "f1_macro": 0.6592102874721748
  },
  "test_classification_report": {
    "0.0": {
      "precision": 0.6464542651593012,
      "recall": 0.6154598825831703,
      "f1-score": 0.6305764411027569,
      "support": 1022.0
    },
    "1.0": {
      "precision": 0.6738589211618258,
      "recall": 0.7024221453287197,
      "f1-score": 0.6878441338415926,
      "support": 1156.0
    },
    "accuracy": 0.6616161616161617,
    "macro avg": {
      "precision": 0.6601565931605635,
      "recall": 0.6589410139559451,
      "f1-score": 0.6592102874721748,
      "support": 2178.0
    },
    "weighted avg": {
      "precision": 0.6609996197685382,
      "recall": 0.6616161616161617,
      "f1-score": 0.660971965807116,
      "support": 2178.0
    }
  },
  "test_confusion_matrix": [
    [
      629,
      393
    ],
    [
      344,
      812
    ]
  ],
  "classes": [
    0.0,
    1.0
  ]
}