,precision,recall,f1-score,support
0.0,0.6464542651593012,0.6154598825831703,0.6305764411027569,1022.0
1.0,0.6738589211618258,0.7024221453287197,0.6878441338415926,1156.0
accuracy,0.6616161616161617,0.6616161616161617,0.6616161616161617,0.6616161616161617
macro avg,0.6601565931605635,0.6589410139559451,0.6592102874721748,2178.0
weighted avg,0.6609996197685382,0.6616161616161617,0.660971965807116,2178.0
