accuracy,precision_macro,recall_macro,f1_macro
0.6779563719862227,0.6853067253663906,0.6693182043732839,0.6670701407912341
0.6819747416762342,0.6816225593127068,0.6777465347844784,0.6780638489508624
0.6561423650975889,0.6567226957237189,0.65728075688908,0.6559699285503041
0.6946039035591275,0.7025938771781677,0.6863515167554335,0.6848804186977716
0.6836969001148105,0.6931653138433067,0.6745807006516922,0.6719972470571431
