,precision,recall,f1-score,support
false,0.43548387096774194,0.5075187969924813,0.46875,266.0
half_true,0.0,0.0,0.0,465.0
mostly_false,0.2,0.002028397565922921,0.004016064257028112,493.0
mostly_true,0.2646784715750233,0.6604651162790698,0.37791084497671323,430.0
pants_fire,0.20026007802340703,0.5855513307984791,0.29844961240310075,263.0
true,0.6190476190476191,0.04980842911877394,0.09219858156028368,261.0
accuracy,0.2695133149678604,0.2695133149678604,0.2695133149678604,0.2695133149678604
macro avg,0.28657833993563187,0.3008953451257878,0.20688751719952095,2178.0
weighted avg,0.249077264254483,0.2695133149678604,0.1798554457612264,2178.0
