accuracy,precision_macro,recall_macro,f1_macro
0.28128587830080365,0.3332336833368826,0.2697596897527028,0.20245063789990084
0.2927669345579793,0.29360870279370604,0.3043619821953375,0.21069453589948714
0.28128587830080365,0.2340539268558924,0.2851303862187254,0.18026583658974474
0.33926521239954077,0.40200057345147905,0.3344488176405684,0.3090968062887159
0.2755453501722158,0.15977248503096733,0.2933495027009603,0.19583697099390693
